stress,mode,policy,runs,geometric_speedup_vs_ordinary,min_speedup,max_speedup
fresh_seeds,resident_seed_batch,default,240,1.215638839516306,0.8559689337561517,1.7914239157940972
fresh_seeds,resident_seed_batch,existing_cost_gate,240,1.1737279889291898,0.7474586521415698,1.7914239157940972
fresh_seeds,resident_seed_batch,fixed_1,240,0.830809307220967,0.7524191998444558,0.918415067405766
fresh_seeds,resident_seed_batch,fixed_2,240,0.9571804889666092,0.7782841285350018,1.1515648268240344
fresh_seeds,resident_seed_batch,fixed_3,240,1.0879582463513642,0.6274658841148563,1.7530481165262883
fresh_seeds,resident_seed_batch,fixed_4,240,1.0644346283087829,0.5774561053147005,1.8495779511836243
fresh_seeds,resident_seed_batch,fixed_5,240,1.0306553727934058,0.5358406110374913,1.8135703104347527
fresh_seeds,resident_seed_batch,h1,240,1.1832469558658294,0.9441771030531406,1.7316692103866669
fresh_seeds,resident_seed_batch,h2,240,1.2086782718079851,0.9459653730244452,1.7168261497672896
fresh_seeds,resident_seed_batch,ordinary,240,1.0,1.0,1.0
fresh_seeds,separate_seed,default,240,1.0685081306015134,0.7469791331593325,1.3975269053109305
fresh_seeds,separate_seed,existing_cost_gate,240,1.0820461227822986,0.7939553754401951,1.3975269053109305
fresh_seeds,separate_seed,fixed_1,240,0.830809307220967,0.7524191998444558,0.918415067405766
fresh_seeds,separate_seed,fixed_2,240,0.9571804889666092,0.7782841285350018,1.1515648268240344
fresh_seeds,separate_seed,fixed_3,240,1.0148993913425413,0.7568919170591735,1.2811803748257156
fresh_seeds,separate_seed,fixed_4,240,1.035621529915578,0.7146634770517957,1.3787642413319525
fresh_seeds,separate_seed,fixed_5,240,1.037043391586946,0.6942206856606536,1.4000927772751113
fresh_seeds,separate_seed,h1,240,1.092374960658637,0.9682845605413817,1.3816573786660138
fresh_seeds,separate_seed,h2,240,1.1026064335580534,0.9714949074532745,1.390703558345319
fresh_seeds,separate_seed,ordinary,240,1.0,1.0,1.0
flat_draft,resident_seed_batch,default,240,1.2109540455298837,0.8596728845980781,1.658359965874365
flat_draft,resident_seed_batch,existing_cost_gate,240,1.1743215602278754,0.767560208539297,1.658359965874365
flat_draft,resident_seed_batch,fixed_1,240,0.7578975061983382,0.6775076380510652,0.834687234558667
flat_draft,resident_seed_batch,fixed_2,240,0.8980897806579182,0.7162253632261997,1.0586491648487826
flat_draft,resident_seed_batch,fixed_3,240,1.0419722957405781,0.6006599648815305,1.596233928639735
flat_draft,resident_seed_batch,fixed_4,240,1.0469819984955984,0.5753942357066926,1.6703578389990539
flat_draft,resident_seed_batch,fixed_5,240,1.0292759653169232,0.5549853255550117,1.7331908868836536
flat_draft,resident_seed_batch,h1,240,1.169531831369,0.9430290924955776,1.638883664066867
flat_draft,resident_seed_batch,h2,240,1.1949324433732702,0.9421293485024808,1.673105289500217
flat_draft,resident_seed_batch,ordinary,240,1.0,1.0,1.0
flat_draft,separate_seed,default,240,1.0681939364414577,0.766237816155661,1.368793770859889
flat_draft,separate_seed,existing_cost_gate,240,1.0798151425577218,0.7902261919066661,1.3786037519025731
flat_draft,separate_seed,fixed_1,240,0.7578975061983382,0.6775076380510652,0.834687234558667
flat_draft,separate_seed,fixed_2,240,0.8980897806579182,0.7162253632261997,1.0586491648487826
flat_draft,separate_seed,fixed_3,240,0.9737533017610643,0.7228818729049041,1.2052773994128163
flat_draft,separate_seed,fixed_4,240,1.0172748612408213,0.7191759321211756,1.3073218615358486
flat_draft,separate_seed,fixed_5,240,1.0363900024258983,0.6971690230303177,1.3812555610793602
flat_draft,separate_seed,h1,240,1.0790516916164785,0.9637808283337349,1.3191982276197105
flat_draft,separate_seed,h2,240,1.1000435723937716,0.9649550419846926,1.348195081830588
flat_draft,separate_seed,ordinary,240,1.0,1.0,1.0
expensive_verify,resident_seed_batch,default,240,0.8807287458544761,0.6537645632375818,1.175497927493765
expensive_verify,resident_seed_batch,existing_cost_gate,240,0.8025633883414869,0.5094419533681851,1.175467084676698
expensive_verify,resident_seed_batch,fixed_1,240,0.614519224858799,0.5520066286616112,0.6780027873862577
expensive_verify,resident_seed_batch,fixed_2,240,0.7067373587868109,0.5850028272662674,0.831328482598518
expensive_verify,resident_seed_batch,fixed_3,240,0.6130847649131586,0.3571681858125888,0.9697634886075551
expensive_verify,resident_seed_batch,fixed_4,240,0.601515583665563,0.32480213285368553,0.9832042082412442
expensive_verify,resident_seed_batch,fixed_5,240,0.5822862915660529,0.30576640887807777,1.0496695103898128
expensive_verify,resident_seed_batch,h1,240,0.9568233042743285,0.8921889107782206,1.075148298902844
expensive_verify,resident_seed_batch,h2,240,0.9643186717316324,0.8837036909942366,1.1352823507122218
expensive_verify,resident_seed_batch,ordinary,240,1.0,1.0,1.0
expensive_verify,separate_seed,default,240,0.8061215135266888,0.5894949299211237,1.0432623459596164
expensive_verify,separate_seed,existing_cost_gate,240,0.8347979638195229,0.6274935152806157,1.055286807899668
expensive_verify,separate_seed,fixed_1,240,0.614519224858799,0.5520066286616112,0.6780027873862577
expensive_verify,separate_seed,fixed_2,240,0.7067373587868109,0.5850028272662674,0.831328482598518
expensive_verify,separate_seed,fixed_3,240,0.744783734601438,0.5641142560860486,0.9264286841590449
expensive_verify,separate_seed,fixed_4,240,0.7579515249203255,0.5386130266677803,0.9655759546873498
expensive_verify,separate_seed,fixed_5,240,0.7535664684939661,0.51449051492534,1.0474733629124546
expensive_verify,separate_seed,h1,240,0.9646546765345182,0.9047256052293926,1.0500547874504464
expensive_verify,separate_seed,h2,240,0.9779893285290958,0.9207655767914303,1.0776976704273076
expensive_verify,separate_seed,ordinary,240,1.0,1.0,1.0
cheap_verify,resident_seed_batch,default,240,1.4815270286499855,0.9748525594732274,2.2167206319122834
cheap_verify,resident_seed_batch,existing_cost_gate,240,1.5361740100327166,0.9443805738863897,2.2744030158333137
cheap_verify,resident_seed_batch,fixed_1,240,1.0089436728531993,0.8802577158134341,1.1297564125907094
cheap_verify,resident_seed_batch,fixed_2,240,1.1654604560394912,0.9070130673356566,1.407751340055631
cheap_verify,resident_seed_batch,fixed_3,240,1.775657231853894,1.0255998521541358,2.7522602738805246
cheap_verify,resident_seed_batch,fixed_4,240,1.718260366664632,0.9535129572200213,2.7185498635525422
cheap_verify,resident_seed_batch,fixed_5,240,1.6521084857512658,0.8962977635263567,2.7348311428481424
cheap_verify,resident_seed_batch,h1,240,1.6099738061331006,0.9779860976700532,2.508169325416339
cheap_verify,resident_seed_batch,h2,240,1.648826983529417,0.9770549313721826,2.550675226285134
cheap_verify,resident_seed_batch,ordinary,240,1.0,1.0,1.0
cheap_verify,separate_seed,default,240,1.2735449263637466,0.8671007264131594,1.730276614925718
cheap_verify,separate_seed,existing_cost_gate,240,1.2779690474606327,0.8769538561498265,1.7664914820499173
cheap_verify,separate_seed,fixed_1,240,1.0089436728531993,0.8802577158134341,1.1297564125907094
cheap_verify,separate_seed,fixed_2,240,1.1654604560394912,0.9070130673356566,1.407751340055631
cheap_verify,separate_seed,fixed_3,240,1.2392115199761193,0.8909014659017073,1.5525366361017456
cheap_verify,separate_seed,fixed_4,240,1.2625536684454102,0.865423156360249,1.6690021900298133
cheap_verify,separate_seed,fixed_5,240,1.2673003361976891,0.8206308346692388,1.7261449703059404
cheap_verify,separate_seed,h1,240,1.2537518675454342,0.977764194969277,1.6495635853114226
cheap_verify,separate_seed,h2,240,1.2584344286362865,0.9825264598041259,1.6405525014335505
cheap_verify,separate_seed,ordinary,240,1.0,1.0,1.0
short,resident_seed_batch,default,240,1.1105205746521674,0.7919517802859907,2.0470735598554146
short,resident_seed_batch,existing_cost_gate,240,1.1110626839164326,0.7528009115666394,2.0470735598554146
short,resident_seed_batch,fixed_1,240,0.8364820415417086,0.7443683768524407,0.9450679969094123
short,resident_seed_batch,fixed_2,240,0.9675236037518375,0.7291772829065069,1.2836981819506934
short,resident_seed_batch,fixed_3,240,1.1113101016798297,0.5054518510689594,2.0862946870866734
short,resident_seed_batch,fixed_4,240,1.0890411793278172,0.4868893028415862,2.4157711762761553
short,resident_seed_batch,fixed_5,240,1.0739525105565166,0.4524260629237936,2.529417250255758
short,resident_seed_batch,h1,240,1.0439031191862707,0.8205617393933506,1.7871553412926344
short,resident_seed_batch,h2,240,1.1146504166572264,0.8909665240471581,1.941162731615428
short,resident_seed_batch,ordinary,240,1.0,1.0,1.0
short,separate_seed,default,240,1.0707190075644302,0.7294855139897711,1.6542837085538107
short,separate_seed,existing_cost_gate,240,1.069413506350392,0.7508376152261728,1.6542837085538107
short,separate_seed,fixed_1,240,0.8364820415417086,0.7443683768524407,0.9450679969094123
short,separate_seed,fixed_2,240,0.9675236037518375,0.7291772829065069,1.2836981819506934
short,separate_seed,fixed_3,240,1.0239667464102946,0.7074281781554086,1.4376256220272778
short,separate_seed,fixed_4,240,1.0474991656694757,0.6721963980857182,1.6256985858491406
short,separate_seed,fixed_5,240,1.0579126060900035,0.6393328619675359,1.8646736837744844
short,separate_seed,h1,240,1.019019670088199,0.8882425592650623,1.4867584112016323
short,separate_seed,h2,240,1.0685403948125196,0.9288261629353882,1.5751624872488201
short,separate_seed,ordinary,240,1.0,1.0,1.0
long,resident_seed_batch,default,240,1.1793323395008433,0.8742943048902526,1.541181429041901
long,resident_seed_batch,existing_cost_gate,240,1.1359769876513117,0.7775645522570431,1.4912578825971003
long,resident_seed_batch,fixed_1,240,0.8086078387036941,0.7450989105524123,0.8760069060439247
long,resident_seed_batch,fixed_2,240,0.9354903884750863,0.7865805258110163,1.064955590159595
long,resident_seed_batch,fixed_3,240,1.0278898268004526,0.6517275437582365,1.4402853429405122
long,resident_seed_batch,fixed_4,240,1.005963462292387,0.6108237523174516,1.4573222685266116
long,resident_seed_batch,fixed_5,240,0.9704687917789327,0.5748866269717874,1.4329544149906515
long,resident_seed_batch,h1,240,1.2039521379668867,0.9682395309754313,1.4996463405821696
long,resident_seed_batch,h2,240,1.2136199636745875,0.962738272641338,1.5385849697332261
long,resident_seed_batch,ordinary,240,1.0,1.0,1.0
long,separate_seed,default,240,1.047313434360039,0.793562769212393,1.2768384269325335
long,separate_seed,existing_cost_gate,240,1.0597238386890608,0.8144767614927647,1.2925675026933536
long,separate_seed,fixed_1,240,0.8086078387036941,0.7450989105524123,0.8760069060439247
long,separate_seed,fixed_2,240,0.9354903884750863,0.7865805258110163,1.064955590159595
long,separate_seed,fixed_3,240,0.9933809502080224,0.7859375221872165,1.162029580210541
long,separate_seed,fixed_4,240,1.0135696878111946,0.7654421086408737,1.2079577243584274
long,separate_seed,fixed_5,240,1.013331943845964,0.7297946399333158,1.2428233165710114
long,separate_seed,h1,240,1.115136534605391,0.9789448790318074,1.3412686338364432
long,separate_seed,h2,240,1.1264658062675759,0.9778996995767189,1.3333225064480414
long,separate_seed,ordinary,240,1.0,1.0,1.0
context_boundary,resident_seed_batch,default,240,1.20778322641605,0.8574566980395579,1.6033217214527888
context_boundary,resident_seed_batch,existing_cost_gate,240,1.179408803072043,0.7750550184953802,1.599288255596696
context_boundary,resident_seed_batch,fixed_1,240,0.832506817505845,0.7678581091533713,0.8912228493172264
context_boundary,resident_seed_batch,fixed_2,240,0.9606416100357434,0.782261029079655,1.096298619186525
context_boundary,resident_seed_batch,fixed_3,240,1.0940983092347007,0.6580482060291378,1.631483887195924
context_boundary,resident_seed_batch,fixed_4,240,1.0699118383151043,0.6143622940943091,1.6703443304553238
context_boundary,resident_seed_batch,fixed_5,240,1.03208695511928,0.5762205683848601,1.6527550323204405
context_boundary,resident_seed_batch,h1,240,1.2022651698298763,0.9401649903374024,1.5211050852154389
context_boundary,resident_seed_batch,h2,240,1.2255595991907995,0.9458689620307834,1.697509009486735
context_boundary,resident_seed_batch,ordinary,240,1.0,1.0,1.0
context_boundary,separate_seed,default,240,1.071098380695739,0.7630254576719665,1.3633438573443202
context_boundary,separate_seed,existing_cost_gate,240,1.0783643481431255,0.7839657014332327,1.3444027413975372
context_boundary,separate_seed,fixed_1,240,0.832506817505845,0.7678581091533713,0.8912228493172264
context_boundary,separate_seed,fixed_2,240,0.9606416100357434,0.782261029079655,1.096298619186525
context_boundary,separate_seed,fixed_3,240,1.0201692313693698,0.7707898573076097,1.2394188240715087
context_boundary,separate_seed,fixed_4,240,1.0391064132062364,0.7420823182820021,1.350197460123802
context_boundary,separate_seed,fixed_5,240,1.0389680420193996,0.7088956629126656,1.3554168631074426
context_boundary,separate_seed,h1,240,1.089959716198923,0.9542283824517579,1.3013991957795763
context_boundary,separate_seed,h2,240,1.1089132187274013,0.966921811951459,1.3681124383152796
context_boundary,separate_seed,ordinary,240,1.0,1.0,1.0
noisy,resident_seed_batch,default,240,1.2130803278539093,0.8328533733245115,1.7394890493333428
noisy,resident_seed_batch,existing_cost_gate,240,1.176086397572027,0.7821161454396386,1.6365543198330932
noisy,resident_seed_batch,fixed_1,240,0.8313688571411938,0.7386499792956764,0.9432940819644821
noisy,resident_seed_batch,fixed_2,240,0.9572505517308324,0.7590465468785177,1.1425639873049278
noisy,resident_seed_batch,fixed_3,240,1.0884890219751668,0.6046742722826415,1.7652992574011515
noisy,resident_seed_batch,fixed_4,240,1.065854423479628,0.5646891976485113,1.710367624507847
noisy,resident_seed_batch,fixed_5,240,1.027124221368221,0.5185197721477574,1.6684585598181991
noisy,resident_seed_batch,h1,240,1.166028595893198,0.7569734535650339,1.5796843169408605
noisy,resident_seed_batch,h2,240,1.179783924143611,0.9132193956461565,1.6508441550928548
noisy,resident_seed_batch,ordinary,240,1.0,1.0,1.0
noisy,separate_seed,default,240,1.0722869456232207,0.7321045781618062,1.391603957087615
noisy,separate_seed,existing_cost_gate,240,1.0829822056795306,0.7640698765485084,1.3693101409767017
noisy,separate_seed,fixed_1,240,0.8313688571411938,0.7386499792956764,0.9432940819644821
noisy,separate_seed,fixed_2,240,0.9572505517308324,0.7590465468785177,1.1425639873049278
noisy,separate_seed,fixed_3,240,1.0181675440043307,0.7432579167398349,1.2718520948884526
noisy,separate_seed,fixed_4,240,1.0400689410231128,0.7146921285080848,1.3681545272086888
noisy,separate_seed,fixed_5,240,1.0400709031983992,0.6823978416628432,1.3879759443875963
noisy,separate_seed,h1,240,1.0812719850027734,0.747885047855985,1.3042645882073705
noisy,separate_seed,h2,240,1.093815471807419,0.8444134597090014,1.3645727655636382
noisy,separate_seed,ordinary,240,1.0,1.0,1.0
stable_easy,resident_seed_batch,default,240,2.105419659081278,1.36905700453935,2.8272196588224916
stable_easy,resident_seed_batch,existing_cost_gate,240,2.0997539494891613,1.4139016950011674,2.8272196588224916
stable_easy,resident_seed_batch,fixed_1,240,0.8314487226088639,0.7250355693945683,0.9249707970555754
stable_easy,resident_seed_batch,fixed_2,240,1.1189851488651605,0.9496673567421402,1.2830168711158891
stable_easy,resident_seed_batch,fixed_3,240,1.8926704629835989,1.4109575684323181,2.504695581512479
stable_easy,resident_seed_batch,fixed_4,240,2.098566619699728,1.4818976876282737,2.7118913722211655
stable_easy,resident_seed_batch,fixed_5,240,2.2574044130914266,1.5953215285222202,2.9891985389816607
stable_easy,resident_seed_batch,h1,240,1.9517868383879224,1.3500053515731023,2.579554289735431
stable_easy,resident_seed_batch,h2,240,2.047858184719335,1.444711316907194,2.7682154442576157
stable_easy,resident_seed_batch,ordinary,240,1.0,1.0,1.0
stable_easy,separate_seed,default,240,1.6483804480574504,1.3087747196270423,1.9891247025664807
stable_easy,separate_seed,existing_cost_gate,240,1.6466852493508388,1.292599252447134,1.9891247025664807
stable_easy,separate_seed,fixed_1,240,0.8314487226088639,0.7250355693945683,0.9249707970555754
stable_easy,separate_seed,fixed_2,240,1.1189851488651605,0.9496673567421402,1.2830168711158891
stable_easy,separate_seed,fixed_3,240,1.3558217099452805,1.1199972208567692,1.613757610792577
stable_easy,separate_seed,fixed_4,240,1.5432615159218506,1.2495694062167637,1.8286789482052734
stable_easy,separate_seed,fixed_5,240,1.6983625244328513,1.3481310637215302,2.0542227945354075
stable_easy,separate_seed,h1,240,1.5277899680011744,1.1206188203228489,1.8725690455466466
stable_easy,separate_seed,h2,240,1.5852818041241359,1.1835785323842452,1.943511030787348
stable_easy,separate_seed,ordinary,240,1.0,1.0,1.0
stable_hard,resident_seed_batch,default,240,0.8786409129236221,0.8179629535709245,0.9284545430094382
stable_hard,resident_seed_batch,existing_cost_gate,240,0.8475923731393048,0.7424676066567762,0.9033514703176335
stable_hard,resident_seed_batch,fixed_1,240,0.8233371999220108,0.7662556857811278,0.8651972878776485
stable_hard,resident_seed_batch,fixed_2,240,0.7895284471161349,0.7210670882830027,0.8455535479915406
stable_hard,resident_seed_batch,fixed_3,240,0.555233429538633,0.43106167836745113,0.6889450920212187
stable_hard,resident_seed_batch,fixed_4,240,0.5107806488258546,0.39440982345391873,0.6343404194129211
stable_hard,resident_seed_batch,fixed_5,240,0.47305242523875285,0.36361532785803685,0.5879690611814143
stable_hard,resident_seed_batch,h1,240,0.9688429246399421,0.9501458566839092,0.9856926840455725
stable_hard,resident_seed_batch,h2,240,0.9636704648601793,0.9391608967048554,0.9839219937549982
stable_hard,resident_seed_batch,ordinary,240,1.0,1.0,1.0
stable_hard,separate_seed,default,240,0.7921038600193351,0.7329082239724178,0.8353537568082668
stable_hard,separate_seed,existing_cost_gate,240,0.8069355738233309,0.7443986954487388,0.8459537556262379
stable_hard,separate_seed,fixed_1,240,0.8233371999220108,0.7662556857811278,0.8651972878776485
stable_hard,separate_seed,fixed_2,240,0.7895284471161349,0.7210670882830027,0.8455535479915406
stable_hard,separate_seed,fixed_3,240,0.7584122467995353,0.6841651338640147,0.8190705094357354
stable_hard,separate_seed,fixed_4,240,0.7296878090788974,0.651243438904784,0.7893216796861688
stable_hard,separate_seed,fixed_5,240,0.7031832810241095,0.6214352947202123,0.7622053569185349
stable_hard,separate_seed,h1,240,0.984226700927796,0.9699968462055722,0.9905289792799836
stable_hard,separate_seed,h2,240,0.9859061779295815,0.9713601569916639,0.9919930407212366
stable_hard,separate_seed,ordinary,240,1.0,1.0,1.0
abrupt_recovery,resident_seed_batch,default,240,1.179569101558266,1.0119837969447134,1.3100138585510122
abrupt_recovery,resident_seed_batch,existing_cost_gate,240,1.173671441711164,0.9189752547121387,1.3676856327902538
abrupt_recovery,resident_seed_batch,fixed_1,240,0.8248861990361857,0.757113052471812,0.8841230507712708
abrupt_recovery,resident_seed_batch,fixed_2,240,0.9303506489926391,0.839525063184146,0.9942391749752391
abrupt_recovery,resident_seed_batch,fixed_3,240,0.8340665020109175,0.6494435418753841,1.0210495185294888
abrupt_recovery,resident_seed_batch,fixed_4,240,0.7976952529301462,0.6208460150700681,0.9797815888732945
abrupt_recovery,resident_seed_batch,fixed_5,240,0.7599178232952849,0.583910698818285,0.9279072294514508
abrupt_recovery,resident_seed_batch,h1,240,1.2907592873077527,0.9663577003551445,1.4174500731635011
abrupt_recovery,resident_seed_batch,h2,240,1.287376453657235,0.9743175599599074,1.454882667525504
abrupt_recovery,resident_seed_batch,ordinary,240,1.0,1.0,1.0
abrupt_recovery,separate_seed,default,240,1.0857461371617623,0.950058200478845,1.1745651208255254
abrupt_recovery,separate_seed,existing_cost_gate,240,1.0921185519561074,0.9707305018068882,1.1776899622930983
abrupt_recovery,separate_seed,fixed_1,240,0.8248861990361857,0.757113052471812,0.8841230507712708
abrupt_recovery,separate_seed,fixed_2,240,0.9303506489926391,0.839525063184146,0.9942391749752391
abrupt_recovery,separate_seed,fixed_3,240,0.9827721310574021,0.88199839667982,1.0509641949754167
abrupt_recovery,separate_seed,fixed_4,240,1.0062361833850801,0.8942203198750558,1.0808712016609479
abrupt_recovery,separate_seed,fixed_5,240,1.016525620157599,0.8877269439791132,1.095497478458051
abrupt_recovery,separate_seed,h1,240,1.2028110127106548,0.9794181791389253,1.2988528289305068
abrupt_recovery,separate_seed,h2,240,1.232937905082469,0.9955134515733511,1.3287675406235793
abrupt_recovery,separate_seed,ordinary,240,1.0,1.0,1.0
abrupt_collapse,resident_seed_batch,default,240,1.2637232379570225,1.0423013983428098,1.4451676470916144
abrupt_collapse,resident_seed_batch,existing_cost_gate,240,1.2521208460568094,1.0048319658584806,1.4451676470916144
abrupt_collapse,resident_seed_batch,fixed_1,240,0.8286838734580597,0.7601326809103135,0.8898614855364779
abrupt_collapse,resident_seed_batch,fixed_2,240,0.9342215924128485,0.8442772199735136,1.0077552844155713
abrupt_collapse,resident_seed_batch,fixed_3,240,0.8368188047482477,0.6500305801816373,1.0201452195976106
abrupt_collapse,resident_seed_batch,fixed_4,240,0.8050511978678213,0.6122380360389347,0.9814194833408314
abrupt_collapse,resident_seed_batch,fixed_5,240,0.7673591671243134,0.5856568868940192,0.9395848307660741
abrupt_collapse,resident_seed_batch,h1,240,1.145987326552187,1.0378461012062625,1.2454602457622719
abrupt_collapse,resident_seed_batch,h2,240,1.185813280688983,1.0478821770243407,1.2895462460848812
abrupt_collapse,resident_seed_batch,ordinary,240,1.0,1.0,1.0
abrupt_collapse,separate_seed,default,240,1.1117560482541786,0.980897026251847,1.1992446611840546
abrupt_collapse,separate_seed,existing_cost_gate,240,1.1190628744337872,0.9996791523643099,1.2054612609142583
abrupt_collapse,separate_seed,fixed_1,240,0.8286838734580597,0.7601326809103135,0.8898614855364779
abrupt_collapse,separate_seed,fixed_2,240,0.9342215924128485,0.8442772199735136,1.0077552844155713
abrupt_collapse,separate_seed,fixed_3,240,0.9876800697776823,0.8883295543796599,1.0565128692542598
abrupt_collapse,separate_seed,fixed_4,240,1.0164613991177536,0.9075542584712293,1.095267268105476
abrupt_collapse,separate_seed,fixed_5,240,1.0262564976108672,0.8932297736085235,1.1115722988271428
abrupt_collapse,separate_seed,h1,240,1.1403909761549698,1.0301652186205843,1.2160589262426775
abrupt_collapse,separate_seed,h2,240,1.170574386812513,1.0347958710300782,1.248848611364541
abrupt_collapse,separate_seed,ordinary,240,1.0,1.0,1.0
