case,mode,policy,runs,speedup_vs_ordinary,speedup_vs_default,vs_default_ci_low,vs_default_ci_high,runs_slower_than_ordinary,runs_slower_than_default,worst_vs_ordinary,worst_vs_default
fresh_seeds-heldout-code-2048,resident_seed_batch,default,40,1.3051106616189594,1.0,1.0,1.0,0,0,1.1249543150834647,1.0
fresh_seeds-heldout-code-2048,resident_seed_batch,existing_cost_gate,40,1.3005048138086033,0.9964709139647648,0.9861198405639313,1.0070319679230426,0,22,1.0727061158269087,0.9361515297742011
fresh_seeds-heldout-code-2048,resident_seed_batch,fixed_1,40,0.8439504856850968,0.6466505182313015,0.632619001716078,0.6610050736278885,40,40,0.8320278182245806,0.567018146587055
fresh_seeds-heldout-code-2048,resident_seed_batch,fixed_2,40,1.0178565372736421,0.7799005610842339,0.7631060001474098,0.7974397786667561,7,40,0.9844379983619373,0.6827567666805712
fresh_seeds-heldout-code-2048,resident_seed_batch,fixed_3,40,1.3367693796209512,1.0242574970330256,1.001297177783173,1.04672506155566,0,14,1.1910241016064813,0.843254748912635
fresh_seeds-heldout-code-2048,resident_seed_batch,fixed_4,40,1.3388463774251467,1.025848931280922,1.005118467234058,1.0464491468987813,0,12,1.2062644443775672,0.8886273554606774
fresh_seeds-heldout-code-2048,resident_seed_batch,fixed_5,40,1.3257544317808607,1.0158176396599912,0.9987659923360945,1.0324464299501397,0,14,1.1629469624456585,0.8903638907170393
fresh_seeds-heldout-code-2048,resident_seed_batch,h1,40,1.2991406157541265,0.9954256401082288,0.9742065339712894,1.0171198716855343,0,20,1.1406979997928424,0.8640093359567467
fresh_seeds-heldout-code-2048,resident_seed_batch,h2,40,1.3203128727776063,1.0116482162055047,0.9903154161738676,1.0331512532453544,0,15,1.1690444722874263,0.8940854593087947
fresh_seeds-heldout-code-2048,resident_seed_batch,ordinary,40,1.0,0.7662185509690982,0.7495095502597856,0.7835857806681373,0,40,1.0,0.6743524884624738
fresh_seeds-heldout-code-2048,separate_seed,default,40,1.1743907039389259,1.0,1.0,1.0,0,0,1.047789155826864,1.0
fresh_seeds-heldout-code-2048,separate_seed,existing_cost_gate,40,1.170751003747544,0.9969007757135898,0.9871588242891804,1.0063342493589746,0,17,1.0202250046921284,0.8983570366831992
fresh_seeds-heldout-code-2048,separate_seed,fixed_1,40,0.8439504856850968,0.7186283771273673,0.7068273633054889,0.7303576928909434,40,40,0.8320278182245806,0.6410520976666294
fresh_seeds-heldout-code-2048,separate_seed,fixed_2,40,1.0178565372736421,0.8667103152807106,0.8534033239684756,0.8800351983516995,7,40,0.9844379983619373,0.7649192491775969
fresh_seeds-heldout-code-2048,separate_seed,fixed_3,40,1.1142259037110216,0.9487693490538451,0.9351952992605984,0.9622523591750166,0,36,1.0313713703383598,0.85218460666809
fresh_seeds-heldout-code-2048,separate_seed,fixed_4,40,1.1573874114049674,0.9855216049676406,0.9711648426388276,1.000281098224325,0,26,1.0760856927839308,0.8745932818079384
fresh_seeds-heldout-code-2048,separate_seed,fixed_5,40,1.1698068086519502,0.9960967885120334,0.9890368316402395,1.0036178524686057,0,26,1.0462013317668803,0.9448859953597603
fresh_seeds-heldout-code-2048,separate_seed,h1,40,1.1156243089620173,0.9499600986453612,0.9315968374699115,0.9684212046257671,1,32,0.9932570824081889,0.8117033738527734
fresh_seeds-heldout-code-2048,separate_seed,h2,40,1.1225889324913982,0.9558905130347305,0.9364126567798571,0.9748604874928408,2,29,0.9885611240756079,0.796405149499087
fresh_seeds-heldout-code-2048,separate_seed,ordinary,40,1.0,0.8515053777639617,0.83699641961273,0.8658164139098178,0,40,1.0,0.7582461739289384
fresh_seeds-heldout-code-256,resident_seed_batch,default,40,1.367052851575331,1.0,1.0,1.0,0,0,1.1626735553769156,1.0
fresh_seeds-heldout-code-256,resident_seed_batch,existing_cost_gate,40,1.4012108344525185,1.024986585440223,1.0090063681772559,1.0417665810412018,0,11,1.2369900309740853,0.9148455607812339
fresh_seeds-heldout-code-256,resident_seed_batch,fixed_1,40,0.9074032961479863,0.6637660680802027,0.6450639466885799,0.6820450844516134,40,40,0.8941504581320951,0.5058731160687475
fresh_seeds-heldout-code-256,resident_seed_batch,fixed_2,40,1.08505940912868,0.793721623767732,0.7732432737662819,0.8136360426270836,0,40,1.0260983112447248,0.622917259551276
fresh_seeds-heldout-code-256,resident_seed_batch,fixed_3,40,1.5333351245459124,1.1216355847390722,1.0945940733620623,1.1493858792485687,0,3,1.4040619129591214,0.9785780468098765
fresh_seeds-heldout-code-256,resident_seed_batch,fixed_4,40,1.537756537350747,1.124869850919593,1.0979160483034514,1.1551339980589501,0,1,1.3885354481520988,0.9821561683655461
fresh_seeds-heldout-code-256,resident_seed_batch,fixed_5,40,1.5062187901323236,1.1017999694720098,1.0789342887614992,1.1277927365616376,0,3,1.3329105920503088,0.9844952402641413
fresh_seeds-heldout-code-256,resident_seed_batch,h1,40,1.4502457358156233,1.0608556458840817,1.028559815006159,1.0913391131299444,0,8,1.0286104360243162,0.7509158162819591
fresh_seeds-heldout-code-256,resident_seed_batch,h2,40,1.5002665562930486,1.0974459067652051,1.0709880471753002,1.1259431510130744,0,5,1.3547208238502402,0.9516037124588552
fresh_seeds-heldout-code-256,resident_seed_batch,ordinary,40,1.0,0.7315006137821551,0.7107792017257052,0.7519748865304315,0,40,1.0,0.5582151668198104
fresh_seeds-heldout-code-256,separate_seed,default,40,1.2259157907737357,1.0,1.0,1.0,0,0,1.1225216036064039,1.0
fresh_seeds-heldout-code-256,separate_seed,existing_cost_gate,40,1.2307356175534787,1.003931613260892,0.9962297679625242,1.011793766711355,0,18,1.1327119749574706,0.9574127693373038
fresh_seeds-heldout-code-256,separate_seed,fixed_1,40,0.9074032961479863,0.7401840346434232,0.7268999778002656,0.7526494895906194,40,40,0.8941504581320951,0.6484549206451328
fresh_seeds-heldout-code-256,separate_seed,fixed_2,40,1.08505940912868,0.885101095274942,0.8718337610031556,0.8975497775514455,0,40,1.0260983112447248,0.7941616967784082
fresh_seeds-heldout-code-256,separate_seed,fixed_3,40,1.1824071663725377,0.9645092878902085,0.9503452088361041,0.9779578348933411,0,31,1.1121590530057217,0.8547728958971514
fresh_seeds-heldout-code-256,separate_seed,fixed_4,40,1.227411028924162,1.0012196907501147,0.9883141414693162,1.0144688473446974,0,23,1.1321215672753782,0.92370286593514
fresh_seeds-heldout-code-256,separate_seed,fixed_5,40,1.2397364613535289,1.0112737519850938,1.001988974788111,1.0210371290935143,0,17,1.1253209775241293,0.945472389240568
fresh_seeds-heldout-code-256,separate_seed,h1,40,1.1756258607092231,0.9589776635206142,0.9412581945207847,0.9759700729005589,0,30,1.0288919340365466,0.8146126166984156
fresh_seeds-heldout-code-256,separate_seed,h2,40,1.1959868248330885,0.9755864422614562,0.9585000120542594,0.9926125607905296,0,25,1.0174087322272853,0.8355964469944506
fresh_seeds-heldout-code-256,separate_seed,ordinary,40,1.0,0.8157167135997578,0.8006653195339908,0.8299843722285088,0,40,1.0,0.7155497301696054
fresh_seeds-heldout-prose-2048,resident_seed_batch,default,40,0.8989798751059429,1.0,1.0,1.0,40,0,0.8559689337561517,1.0
fresh_seeds-heldout-prose-2048,resident_seed_batch,existing_cost_gate,40,0.8326724721130989,0.9262415045887097,0.9153907239067592,0.936968408183164,40,40,0.7474586521415698,0.8311678026829952
fresh_seeds-heldout-prose-2048,resident_seed_batch,fixed_1,40,0.7604573435934825,0.8459114209913366,0.8384762878292377,0.8529908121867905,40,40,0.7524191998444558,0.7996981249285878
fresh_seeds-heldout-prose-2048,resident_seed_batch,fixed_2,40,0.8057894705524178,0.8963376076215913,0.8888083952933766,0.9036900603797505,40,40,0.7782841285350018,0.8471822153133117
fresh_seeds-heldout-prose-2048,resident_seed_batch,fixed_3,40,0.6822137152297538,0.7588754032445458,0.7490768929021021,0.7684112169951809,40,40,0.6274658841148563,0.6904327800893826
fresh_seeds-heldout-prose-2048,resident_seed_batch,fixed_4,40,0.6393224250954309,0.7111643350415248,0.7008446184541166,0.7217822381482519,40,40,0.5774561053147005,0.6459030622873911
fresh_seeds-heldout-prose-2048,resident_seed_batch,fixed_5,40,0.5972817705407282,0.6643994900000845,0.6543257239403824,0.6748193513739403,40,40,0.5358406110374913,0.6003489814785716
fresh_seeds-heldout-prose-2048,resident_seed_batch,h1,40,0.9623591137799818,1.0705012875472546,1.0621360567093268,1.0788232814579601,40,0,0.9441771030531406,1.0206382293911234
fresh_seeds-heldout-prose-2048,resident_seed_batch,h2,40,0.9677768263244837,1.0765277990349151,1.0669853655661665,1.0856086464128865,40,0,0.9459653730244452,1.0271232996026627
fresh_seeds-heldout-prose-2048,resident_seed_batch,ordinary,40,1.0,1.1123719536904562,1.1034639985971524,1.121020543461828,0,0,1.0,1.0572020786979253
fresh_seeds-heldout-prose-2048,separate_seed,default,40,0.8160102645533712,1.0,1.0,1.0,40,0,0.7680198652188596,1.0
fresh_seeds-heldout-prose-2048,separate_seed,existing_cost_gate,40,0.8398628064807521,1.0292306885875218,1.0203949690391854,1.038653708369065,40,6,0.7979786727747663,0.9748086763485094
fresh_seeds-heldout-prose-2048,separate_seed,fixed_1,40,0.7604573435934825,0.9319212963696055,0.9228232115279782,0.9411606249220956,40,40,0.7524191998444558,0.8642449142166109
fresh_seeds-heldout-prose-2048,separate_seed,fixed_2,40,0.8057894705524178,0.9874746747131329,0.9786799093673835,0.9963500200280042,40,27,0.7782841285350018,0.9229274368292976
fresh_seeds-heldout-prose-2048,separate_seed,fixed_3,40,0.8043119907317461,0.9856640604539111,0.9771427087357856,0.9948443952191741,40,29,0.7568919170591735,0.936337632186554
fresh_seeds-heldout-prose-2048,separate_seed,fixed_4,40,0.7812564474565208,0.9574100736148554,0.9481966248306846,0.9670299211307136,40,37,0.7146634770517957,0.8983403017342536
fresh_seeds-heldout-prose-2048,separate_seed,fixed_5,40,0.7530339415167601,0.9228241043376089,0.9132636672292319,0.9326835428573497,40,39,0.6942206856606536,0.8659983028638714
fresh_seeds-heldout-prose-2048,separate_seed,h1,40,0.978929310872923,1.1996531825598085,1.187710108830988,1.2116777781661718,40,0,0.9682845605413817,1.1109474323226458
fresh_seeds-heldout-prose-2048,separate_seed,h2,40,0.9845809473480216,1.2065791205297087,1.1950459838695553,1.2180234461576338,39,0,0.9714949074532745,1.114268860257728
fresh_seeds-heldout-prose-2048,separate_seed,ordinary,40,1.0,1.2254747806969466,1.2134406260266082,1.23775116525773,0,0,1.0,1.1415736275005328
fresh_seeds-heldout-prose-256,resident_seed_batch,default,40,0.9293283191231624,1.0,1.0,1.0,40,0,0.8866218443988052,1.0
fresh_seeds-heldout-prose-256,resident_seed_batch,existing_cost_gate,40,0.8672433920504966,0.9331937639313047,0.9162436448987243,0.9490598142318549,40,34,0.7790560846554231,0.8124355184994028
fresh_seeds-heldout-prose-256,resident_seed_batch,fixed_1,40,0.785326636341348,0.8450475684226619,0.8381004350242611,0.851652718037407,40,40,0.7783247702655463,0.7911804063612989
fresh_seeds-heldout-prose-256,resident_seed_batch,fixed_2,40,0.822809503369612,0.8853808567309638,0.8780957242056586,0.8926344532336242,40,40,0.7962039446772812,0.8280330192573591
fresh_seeds-heldout-prose-256,resident_seed_batch,fixed_3,40,0.7651089350998509,0.8232923923180826,0.8114972368675065,0.835070608255898,40,40,0.7007954476570455,0.7332485785872958
fresh_seeds-heldout-prose-256,resident_seed_batch,fixed_4,40,0.7160218765657852,0.7704724604124454,0.7574848129103606,0.7836297034270948,40,40,0.6438601646741193,0.6910234711588231
fresh_seeds-heldout-prose-256,resident_seed_batch,fixed_5,40,0.6730705890823965,0.7242549002675936,0.7111164496610407,0.7374600855832892,40,40,0.5954207273832641,0.6531932546068197
fresh_seeds-heldout-prose-256,resident_seed_batch,h1,40,0.9703897581800289,1.044183996346532,1.0348230900144197,1.0531727545647596,38,4,0.9575676882102132,0.9736630546786315
fresh_seeds-heldout-prose-256,resident_seed_batch,h2,40,0.9748946284530805,1.0490314438850963,1.0397549946392348,1.0581554728604166,37,2,0.956728767791535,0.9798011045643866
fresh_seeds-heldout-prose-256,resident_seed_batch,ordinary,40,1.0,1.0760459779634366,1.0673518690331079,1.0842987630909178,0,0,1.0,1.0059274086459553
fresh_seeds-heldout-prose-256,separate_seed,default,40,0.8293333260921388,1.0,1.0,1.0,40,0,0.7469791331593325,1.0
fresh_seeds-heldout-prose-256,separate_seed,existing_cost_gate,40,0.8473171099178646,1.0216846269888444,1.0140231682672785,1.0296413999876586,40,7,0.7939553754401951,0.9741592694955871
fresh_seeds-heldout-prose-256,separate_seed,fixed_1,40,0.785326636341348,0.946937270737506,0.9368438784799081,0.9567001324145241,40,39,0.7783247702655463,0.8462008260764868
fresh_seeds-heldout-prose-256,separate_seed,fixed_2,40,0.822809503369612,0.9921336542047968,0.9831694144824669,1.0007862051517689,40,24,0.7962039446772812,0.9114337881918784
fresh_seeds-heldout-prose-256,separate_seed,fixed_3,40,0.8150955472180298,0.9828322600501318,0.9753339655339807,0.9902080176436098,40,28,0.7726364545526699,0.9417061321592913
fresh_seeds-heldout-prose-256,separate_seed,fixed_4,40,0.7922571770502301,0.9552940321153939,0.9483072513854729,0.9623956235893383,40,39,0.74169671488712,0.9161587263051525
fresh_seeds-heldout-prose-256,separate_seed,fixed_5,40,0.7668546755332338,0.9246640059030214,0.916704917756464,0.9325835480255309,40,39,0.7055293933450992,0.8730776746322949
fresh_seeds-heldout-prose-256,separate_seed,h1,40,0.978245970471872,1.1795570486494462,1.1667873414757788,1.1921252274217893,40,0,0.9689392293025157,1.0571301484965867
fresh_seeds-heldout-prose-256,separate_seed,h2,40,0.9827357973197461,1.1849708270502617,1.1720576376554652,1.1976606443124376,40,0,0.9741415216806678,1.0645898756794796
fresh_seeds-heldout-prose-256,separate_seed,ordinary,40,1.0,1.2057877918786302,1.1930363343437351,1.2181886871892356,0,0,1.0,1.0829805541563975
fresh_seeds-heldout-structured-2048,resident_seed_batch,default,40,1.4067447655278373,1.0,1.0,1.0,0,0,1.1828911779325304,1.0
fresh_seeds-heldout-structured-2048,resident_seed_batch,existing_cost_gate,40,1.3449189311842447,0.9560504251669318,0.9369578126081881,0.9753758890903576,0,27,1.0866995316076042,0.8370135457787086
fresh_seeds-heldout-structured-2048,resident_seed_batch,fixed_1,40,0.8217695300693398,0.5841639153076901,0.5727455411207765,0.596257412542082,40,40,0.8155209131627592,0.5323154534150238
fresh_seeds-heldout-structured-2048,resident_seed_batch,fixed_2,40,0.9978541707654957,0.7093356202331998,0.6961541347563075,0.723699596588577,23,40,0.9757958236337713,0.6513989068603909
fresh_seeds-heldout-structured-2048,resident_seed_batch,fixed_3,40,1.1515452501732104,0.8185886156406835,0.8000147940238407,0.8381287743605274,0,40,1.0475388466064537,0.7161668631343268
fresh_seeds-heldout-structured-2048,resident_seed_batch,fixed_4,40,1.1488905040133532,0.816701460113319,0.7974314089668199,0.836582906407438,0,39,1.0501864675572323,0.7132954320037148
fresh_seeds-heldout-structured-2048,resident_seed_batch,fixed_5,40,1.1352570352300402,0.8070099587710712,0.7893841923522035,0.825396381707193,0,40,1.017779715131942,0.6938235889286981
fresh_seeds-heldout-structured-2048,resident_seed_batch,h1,40,1.2263175229782037,0.8717413087498258,0.8462715553615799,0.8980865519591223,0,36,1.0136809542618257,0.6703841404667158
fresh_seeds-heldout-structured-2048,resident_seed_batch,h2,40,1.2498505553180077,0.8884700238063727,0.8613918216999069,0.9160375726360208,0,34,1.067950410787262,0.6970839103785503
fresh_seeds-heldout-structured-2048,resident_seed_batch,ordinary,40,1.0,0.7108610065627513,0.6968259909133461,0.7256695632998553,0,40,1.0,0.6527305981039703
fresh_seeds-heldout-structured-2048,separate_seed,default,40,1.2146138549967869,1.0,1.0,1.0,0,0,1.0751168093114536,1.0
fresh_seeds-heldout-structured-2048,separate_seed,existing_cost_gate,40,1.2304822914813054,1.0130645936724971,1.0080396513051009,1.017828927755114,0,7,1.123289399354487,0.9682529120973529
fresh_seeds-heldout-structured-2048,separate_seed,fixed_1,40,0.8217695300693398,0.6765685461998239,0.6689614767549615,0.6846584024126126,40,40,0.8155209131627592,0.6214195908465834
fresh_seeds-heldout-structured-2048,separate_seed,fixed_2,40,0.9978541707654957,0.8215402505581788,0.8131649097544454,0.8304549027648507,23,40,0.9757958236337713,0.7766611464789857
fresh_seeds-heldout-structured-2048,separate_seed,fixed_3,40,1.0963551728101302,0.9026368078215528,0.8939445485958303,0.9118926824864384,0,40,1.05879576212349,0.8531816524833457
fresh_seeds-heldout-structured-2048,separate_seed,fixed_4,40,1.15479371953041,0.9507496681185684,0.9398215826620274,0.9621417760166864,0,37,1.1029451452963517,0.8937823289831031
fresh_seeds-heldout-structured-2048,separate_seed,fixed_5,40,1.1949759317087916,0.9838319617323587,0.9785230022669905,0.9893912619369412,0,34,1.1140966698603338,0.9515643192409301
fresh_seeds-heldout-structured-2048,separate_seed,h1,40,1.15168013249434,0.9481862303451056,0.9323267982845631,0.9643409861239578,0,33,1.0079575297312349,0.8223221324072277
fresh_seeds-heldout-structured-2048,separate_seed,h2,40,1.1551831097896583,0.9510702558161698,0.932405083449431,0.9700661046627086,0,31,1.030874639987957,0.8148322091195662
fresh_seeds-heldout-structured-2048,separate_seed,ordinary,40,1.0,0.8233069266303119,0.8138203174920845,0.8333286245817525,0,40,1.0,0.7491206693398585
fresh_seeds-heldout-structured-256,resident_seed_batch,default,40,1.539076872813129,1.0,1.0,1.0,0,0,1.308217033415161,1.0
fresh_seeds-heldout-structured-256,resident_seed_batch,existing_cost_gate,40,1.4773316480086394,0.9598816499063938,0.9455634338744104,0.9745757673099884,0,29,1.3047630226697786,0.8504522490880702
fresh_seeds-heldout-structured-256,resident_seed_batch,fixed_1,40,0.8750151620220192,0.5685324609047397,0.5603771072849499,0.5777525299446395,40,40,0.8656635903590816,0.5327738975247781
fresh_seeds-heldout-structured-256,resident_seed_batch,fixed_2,40,1.0525311867467775,0.6838717450304858,0.6751189003727379,0.6937465361061812,0,40,1.022193349474464,0.6450038582222217
fresh_seeds-heldout-structured-256,resident_seed_batch,fixed_3,40,1.346031019715378,0.8745703632431945,0.8605403583063442,0.8902135967559396,0,39,1.2225188766160675,0.7821095498545441
fresh_seeds-heldout-structured-256,resident_seed_batch,fixed_4,40,1.3432930520392838,0.8727913957825959,0.8572533214171627,0.8901324299889282,0,39,1.2014169428680568,0.7912042348279532
fresh_seeds-heldout-structured-256,resident_seed_batch,fixed_5,40,1.3152115225956629,0.8545456993267111,0.8411826750060403,0.8691104398074108,0,40,1.1776444428808888,0.7906883034788719
fresh_seeds-heldout-structured-256,resident_seed_batch,h1,40,1.2719449504430518,0.8264336713202552,0.7969225675650262,0.8548477631781987,0,39,1.0403882054535576,0.6471477687032088
fresh_seeds-heldout-structured-256,resident_seed_batch,h2,40,1.3348363363960043,0.8672967283019377,0.8434474099398916,0.8909314642408516,0,38,1.075272111319418,0.6501222747777827
fresh_seeds-heldout-structured-256,resident_seed_batch,ordinary,40,1.0,0.6497401251778914,0.6403205096500015,0.6604978596047897,0,40,1.0,0.6046118632985348
fresh_seeds-heldout-structured-256,separate_seed,default,40,1.2575659594213566,1.0,1.0,1.0,0,0,1.1658754137717933,1.0
fresh_seeds-heldout-structured-256,separate_seed,existing_cost_gate,40,1.2720835544644746,1.0115442016654126,1.0068369636861085,1.0163496864389154,0,9,1.1938305227070523,0.9771945645422333
fresh_seeds-heldout-structured-256,separate_seed,fixed_1,40,0.8750151620220192,0.6958006102714801,0.6894343232656595,0.7022972648569583,40,40,0.8656635903590816,0.6527035379193217
fresh_seeds-heldout-structured-256,separate_seed,fixed_2,40,1.0525311867467775,0.8369590309450474,0.8300427217044597,0.8440993522717111,0,40,1.022193349474464,0.7888090112321259
fresh_seeds-heldout-structured-256,separate_seed,fixed_3,40,1.1540199437899894,0.9176615629139551,0.9092900300258675,0.9259647429485055,0,40,1.0681785628573888,0.857527192176894
fresh_seeds-heldout-structured-256,separate_seed,fixed_4,40,1.214992054469484,0.9661457877156105,0.9566481333228404,0.9757639129380902,0,35,1.1275759212698266,0.9040394903787925
fresh_seeds-heldout-structured-256,separate_seed,fixed_5,40,1.2429431681050758,0.9883721476343006,0.9820693276769652,0.9951810873708393,0,32,1.127400492104459,0.9473702503499621
fresh_seeds-heldout-structured-256,separate_seed,h1,40,1.1746596364212905,0.9340739764948681,0.9136467118013986,0.9553514546588104,0,34,1.0276251664959584,0.8073755014128865
fresh_seeds-heldout-structured-256,separate_seed,h2,40,1.197393641762112,0.9521517601455023,0.9322049599907047,0.9720593849895383,0,30,1.0422458372263514,0.8305818230439224
fresh_seeds-heldout-structured-256,separate_seed,ordinary,40,1.0,0.7951869184341867,0.7876601631985687,0.8029522604368443,0,40,1.0,0.7428940844907175
